"aa"	"codons"	"counts"	"freq"
"*"	"taa"	21734	0.26
"*"	"tag"	17732	0.21
"*"	"tga"	43662	0.53
"A"	"gca"	653555	0.24
"A"	"gcc"	1090338	0.39
"A"	"gcg"	277586	0.1
"A"	"gct"	745376	0.27
"C"	"tgc"	469716	0.54
"C"	"tgt"	407271	0.46
"D"	"gac"	996697	0.53
"D"	"gat"	899542	0.47
"E"	"gaa"	1216820	0.43
"E"	"gag"	1624678	0.57
"F"	"ttc"	754397	0.53
"F"	"ttt"	664611	0.47
"G"	"gga"	672215	0.26
"G"	"ggc"	855281	0.33
"G"	"ggg"	652238	0.25
"G"	"ggt"	427531	0.16
"H"	"cac"	588076	0.57
"H"	"cat"	438230	0.43
"I"	"ata"	291556	0.17
"I"	"atc"	789220	0.46
"I"	"att"	622083	0.37
"K"	"aaa"	988428	0.44
"K"	"aag"	1278979	0.56
"L"	"cta"	283026	0.07
"L"	"ctc"	753569	0.19
"L"	"ctg"	1549403	0.39
"L"	"ctt"	531384	0.14
"L"	"tta"	304285	0.08
"L"	"ttg"	512427	0.13
"M"	"atg"	869117	1
"N"	"aac"	735485	0.52
"N"	"aat"	674139	0.48
"P"	"cca"	710035	0.28
"P"	"ccc"	796379	0.32
"P"	"ccg"	272282	0.11
"P"	"cct"	737686	0.29
"Q"	"caa"	504704	0.26
"Q"	"cag"	1400357	0.74
"R"	"aga"	487100	0.22
"R"	"agg"	476935	0.21
"R"	"cga"	255560	0.11
"R"	"cgc"	396225	0.17
"R"	"cgg"	465300	0.21
"R"	"cgt"	184028	0.08
"S"	"agc"	782564	0.24
"S"	"agt"	504530	0.15
"S"	"tca"	511019	0.16
"S"	"tcc"	701183	0.21
"S"	"tcg"	175473	0.05
"S"	"tct"	618035	0.19
"T"	"aca"	613498	0.29
"T"	"acc"	735438	0.35
"T"	"acg"	235964	0.11
"T"	"act"	530649	0.25
"V"	"gta"	285253	0.12
"V"	"gtc"	561598	0.24
"V"	"gtg"	1091532	0.46
"V"	"gtt"	437637	0.18
"W"	"tgg"	493237	1
"Y"	"tac"	570557	0.55
"Y"	"tat"	468505	0.45
